date,open,low,high,close,volume
2017-05-18,8.05,7.0,8.31,7.5,"845,906.91879329"
2017-05-19,7.5,6.68,8.0,6.99,"687,929.90230561"
2017-05-20,7.0,6.86,7.52,7.35,"447,122.25669962"
2017-05-21,7.42,6.66,7.52,6.78,"347,560.99129014"
2017-05-22,6.78,5.0,7.49,6.65,"956,772.24490151"
2017-05-23,6.67,6.11,7.5,7.41,"538,117.04392042"
2017-05-24,7.38,5.24,7.52,5.26,"1,021,374.5744362"
2017-05-25,5.59,5.5,7.1,6.4,"626,399.12013135"
2017-05-26,6.41,5.39,6.7,5.94,"497,217.0188274"
2017-05-27,5.89,4.0,5.89,4.67,"466,101.68903778"
2017-05-28,4.71,4.2,5.5,4.75,"409,511.10580164"
2017-05-29,4.75,4.56,6.1,4.86,"875,296.95114555"
2017-05-30,4.8,4.0,5.0,4.18,"714,077.97393106"
2017-05-31,4.1,4.0,5.49,5.28,"903,005.41527002"
2017-06-01,5.39,5.15,6.48,6.3,"1,304,594.1022473"
2017-06-02,6.3,5.5,6.31,5.74,"696,120.75231623"
2017-06-03,5.83,5.22,5.9,5.34,"430,949.38828143"
2017-06-04,5.34,5.25,5.86,5.42,"437,310.50158521"
2017-06-05,5.43,5.3,5.75,5.43,"624,226.74513249"
2017-06-06,5.43,5.21,5.56,5.33,"384,955.81907247"
2017-06-07,5.31,5.25,5.65,5.42,"381,618.92628434"
2017-06-08,5.41,5.31,5.51,5.49,"266,974.26526128"
2017-06-09,5.51,5.25,5.6,5.39,"517,130.43191169"
2017-06-10,5.39,4.7,5.4,5.03,"703,447.71989031"
2017-06-11,5.03,4.84,5.24,5.2,"359,751.87790959"
2017-06-12,5.15,4.6,5.18,4.89,"764,268.00067103"
2017-06-13,4.89,4.82,5.2,5.08,"687,171.47542737"
2017-06-14,5.09,5.03,5.7,5.1,"1,238,527.5659782"
2017-06-15,5.09,4.4,5.2,4.76,"937,247.91417783"
2017-06-16,4.86,4.7,4.98,4.8,"414,485.20060315"
2017-06-17,4.8,4.71,4.95,4.81,"179,313.90742947"
2017-06-18,4.81,4.74,5.11,4.9,"275,663.24994739"
2017-06-19,4.9,4.84,5.15,5.09,"448,243.91112701"
2017-06-20,5.1,5.03,5.75,5.47,"1,795,985.6066795"
2017-06-21,5.47,4.9,5.52,5.14,"694,288.24030066"
2017-06-22,5.22,5.0,5.34,5.2,"357,268.99780082"
2017-06-23,5.11,5.11,5.45,5.33,"335,641.59870556"
2017-06-24,5.38,4.94,5.44,5.1,"470,151.37126305"
2017-06-25,5.08,4.7,5.2,5.02,"599,695.07190961"
2017-06-26,5.0,4.01,5.11,4.62,"1,199,401.0182938"
2017-06-27,4.53,4.22,4.66,4.45,"651,238.9709428"
2017-06-28,4.38,4.37,4.83,4.69,"321,859.12011802"
2017-06-29,4.69,4.55,4.82,4.66,"204,368.35760518"
2017-06-30,4.66,4.47,4.71,4.47,"191,050.61599379"
2017-07-01,4.49,4.3,4.6,4.44,"75,807.1919667"
2017-07-02,4.44,4.37,4.6,4.56,"101,151.54608008"
2017-07-03,4.56,4.47,4.68,4.64,"193,494.47228888"
2017-07-04,4.62,4.51,4.7,4.65,"192,973.32651098"
2017-07-05,4.66,4.52,4.7,4.59,"170,847.71750582"
2017-07-06,4.63,4.52,4.66,4.59,"89,798.52636293"
2017-07-07,4.54,4.0,4.6,4.16,"376,295.71821976"
2017-07-08,4.16,4.08,4.42,4.38,"52,579.93906568"
2017-07-09,4.38,4.06,4.42,4.22,"81,585.30181473"
2017-07-10,4.21,3.25,4.25,3.3,"615,519.56893981"
2017-07-11,3.29,2.81,3.69,3.32,"457,974.63444845"
2017-07-12,3.32,3.22,3.99,3.74,"627,221.66477821"
2017-07-13,3.74,3.31,3.82,3.42,"368,030.50594703"
2017-07-14,3.5,3.0,3.51,3.18,"558,966.38480849"
2017-07-15,3.18,2.87,3.18,2.89,"175,732.63722428"
2017-07-16,2.88,2.11,2.98,2.48,"714,227.78627569"
2017-07-17,2.48,2.36,3.05,2.94,"683,023.61907055"
2017-07-18,2.94,2.84,3.37,3.07,"802,906.29903608"
2017-07-19,3.14,2.83,3.28,3.0,"478,411.9838791"
2017-07-20,3.0,2.91,3.35,3.13,"418,704.92029817"
2017-07-21,3.09,3.08,3.25,3.19,"159,682.31531079"
2017-07-22,3.19,3.11,3.4,3.34,"358,277.232828"
2017-07-23,3.32,3.15,3.4,3.3,"250,491.33694888"
2017-07-24,3.3,3.22,3.35,3.28,"238,385.62030524"
2017-07-25,3.32,2.95,3.33,3.08,"482,694.74955205"
2017-07-26,3.04,3.01,3.16,3.1,"281,865.0593009"
2017-07-27,3.1,3.01,3.15,3.03,"304,865.06008443"
2017-07-28,3.07,2.75,3.11,2.75,"427,463.78532137"
2017-07-29,2.75,2.6,2.88,2.82,"646,987.39062905"
2017-07-30,2.76,2.7,2.84,2.74,"79,597.67364578"
2017-07-31,2.78,2.72,3.03,2.94,"350,525.11111589"
2017-08-01,2.93,2.87,3.15,3.04,"431,321.09252967"
2017-08-02,3.08,3.0,3.19,3.12,"551,839.97050085"
2017-08-03,3.12,3.07,3.23,3.13,"334,798.4314669"
2017-08-04,3.12,3.01,3.15,3.08,"311,967.32556687"
2017-08-05,3.09,3.04,3.25,3.15,"550,624.54558911"
2017-08-06,3.13,2.86,3.17,3.04,"350,415.8283859"
2017-08-07,3.04,3.01,3.12,3.07,"413,866.2817929"
2017-08-08,3.09,3.06,3.62,3.44,"1,060,881.3916227"
2017-08-09,3.44,3.0,3.5,3.26,"586,241.83996332"
2017-08-10,3.25,3.22,3.35,3.26,"311,884.6698046"
2017-08-11,3.25,3.14,3.32,3.18,"471,823.04474466"
2017-08-12,3.17,2.82,3.25,3.0,"778,633.83416661"
2017-08-13,2.99,2.95,3.21,3.08,"336,869.12203631"
2017-08-14,3.08,2.93,3.17,3.03,"835,257.54141774"
2017-08-15,3.03,2.77,3.08,2.87,"1,365,597.7371406"
2017-08-16,2.89,2.7,2.89,2.81,"648,714.09405973"
2017-08-17,2.87,2.75,2.97,2.84,"1,092,281.0308276"
2017-08-18,2.82,2.8,3.08,2.86,"779,845.5979994"
2017-08-19,2.82,2.71,2.87,2.79,"638,035.6086519"
2017-08-20,2.75,2.73,2.92,2.87,"340,613.84698561"
2017-08-21,2.87,2.74,3.45,3.2,"3,699,740.8435372"
2017-08-22,3.13,3.05,5.43,5.09,"5,239,829.1787061"
2017-08-23,5.09,3.99,5.5,4.49,"3,697,453.3092307"
2017-08-24,4.5,3.61,5.04,3.98,"3,360,345.9990938"
2017-08-25,3.99,3.74,4.17,3.82,"948,117.35601359"
2017-08-26,3.87,3.59,3.97,3.6,"521,760.41803887"
2017-08-27,3.66,3.5,3.71,3.59,"739,252.65416577"
2017-08-28,3.57,3.49,4.3,3.86,"1,794,663.9027708"
2017-08-29,3.86,3.8,4.01,3.95,"1,064,424.2230311"
2017-08-30,3.95,3.86,4.18,4.11,"854,976.40845472"
2017-08-31,4.13,4.06,4.76,4.52,"2,068,413.9356458"
2017-09-01,4.54,4.3,4.72,4.4,"1,695,499.9389357"
2017-09-02,4.4,3.95,4.45,4.34,"1,467,061.9531798"
2017-09-03,4.39,4.1,4.44,4.27,"473,028.16114483"
2017-09-04,4.27,3.67,4.27,3.96,"2,352,980.9283785"
2017-09-05,4.0,3.96,4.27,4.14,"698,392.90685184"
2017-09-06,4.14,4.1,4.3,4.19,"629,961.4092924"
2017-09-07,4.2,4.15,4.26,4.23,"385,835.78496121"
2017-09-08,4.23,4.0,4.26,4.06,"892,968.15954583"
2017-09-09,4.06,4.0,4.13,4.09,"208,153.0957934"
2017-09-10,4.1,4.01,4.21,4.16,"285,931.64856884"
2017-09-11,4.16,4.06,4.22,4.15,"459,461.93679108"
2017-09-12,4.15,3.51,4.18,3.75,"1,371,641.1485834"
2017-09-13,3.83,3.36,4.17,3.65,"1,628,462.8534374"
2017-09-14,3.6,3.0,3.65,3.33,"1,744,640.6923061"
2017-09-15,3.36,2.9,3.81,3.73,"2,409,127.1009767"
2017-09-16,3.7,3.37,3.77,3.55,"402,192.15148432"
2017-09-17,3.54,3.4,3.56,3.49,"144,014.02746422"
2017-09-18,3.49,3.43,3.65,3.56,"602,094.6239156"
2017-09-19,3.54,3.35,3.6,3.39,"718,191.09090355"
2017-09-20,3.4,3.26,3.46,3.31,"443,150.06662743"
2017-09-21,3.34,3.11,3.39,3.28,"432,935.02181799"
2017-09-22,3.28,3.11,3.28,3.2,"463,417.66561915"
2017-09-23,3.2,3.16,3.3,3.22,"253,579.59419823"
2017-09-24,3.25,3.16,3.26,3.2,"105,207.35089722"
2017-09-25,3.26,3.2,3.37,3.33,"475,466.57952712"
2017-09-26,3.33,3.27,3.47,3.42,"365,459.65485427"
2017-09-27,3.43,3.4,3.85,3.74,"2,075,601.3546826"
2017-09-28,3.72,3.45,3.73,3.5,"685,819.88320791"
2017-09-29,3.54,3.45,3.69,3.63,"386,189.49947562"
2017-09-30,3.68,3.63,3.75,3.64,"353,456.4554654"
2017-10-01,3.64,3.6,3.76,3.72,"373,146.1045313"
2017-10-02,3.72,3.65,3.78,3.72,"489,176.64452561"
2017-10-03,3.72,3.65,3.76,3.72,"385,963.72772769"
2017-10-04,3.72,3.71,4.15,4.1,"1,617,334.4155977"
2017-10-05,4.09,3.98,4.41,4.25,"2,156,639.6261709"
2017-10-06,4.29,4.22,4.5,4.33,"941,085.75777327"
2017-10-07,4.33,4.3,4.38,4.35,"150,943.31902256"
2017-10-08,4.34,4.34,4.93,4.75,"1,725,667.3710037"
2017-10-09,4.75,4.11,5.0,4.48,"2,711,964.0555155"
2017-10-10,4.48,4.34,4.84,4.74,"1,057,014.4735931"
2017-10-11,4.75,4.74,4.88,4.83,"833,874.2795617"
2017-10-12,4.84,4.5,4.87,4.63,"1,877,271.3245686"
2017-10-13,4.62,4.37,4.86,4.77,"1,364,371.673177"
2017-10-14,4.77,4.65,4.82,4.75,"543,082.23560128"
2017-10-15,4.71,4.68,4.95,4.79,"656,479.48733355"
2017-10-16,4.77,4.7,5.35,4.82,"3,153,689.7706118"
2017-10-17,4.82,4.15,4.87,4.42,"2,097,973.1801977"
2017-10-18,4.45,3.9,4.49,4.03,"2,228,470.1650834"
2017-10-19,4.05,3.91,4.33,4.16,"1,579,036.5438551"
2017-10-20,4.2,3.93,4.2,4.04,"977,923.89942686"
2017-10-21,4.04,3.84,4.08,3.96,"1,279,115.856155"
2017-10-22,3.91,3.85,3.99,3.95,"301,651.58854065"
2017-10-23,3.92,3.6,4.03,3.87,"1,488,517.0138606"
2017-10-24,3.9,3.86,4.2,3.98,"1,450,236.1808357"
2017-10-25,3.98,3.82,3.98,3.95,"603,168.31734834"
2017-10-26,3.98,3.89,3.98,3.95,"414,333.43172111"
2017-10-27,3.91,3.85,3.96,3.92,"297,363.72551889"
2017-10-28,3.92,3.82,3.96,3.84,"251,515.85549379"
2017-10-29,3.84,3.79,3.93,3.83,"481,361.8018238"
2017-10-30,3.86,3.8,3.92,3.91,"467,313.20045621"
2017-10-31,3.91,3.8,3.91,3.85,"478,203.38841089"
2017-11-01,3.85,3.61,3.87,3.68,"786,912.80311969"
2017-11-02,3.7,3.5,4.19,3.86,"1,879,377.5420268"
2017-11-03,3.86,3.81,4.14,4.02,"1,709,231.4647134"
2017-11-04,4.02,3.85,4.03,3.93,"242,766.7867069"
2017-11-05,3.92,3.83,3.96,3.86,"252,280.12690174"
2017-11-06,3.85,3.85,3.99,3.89,"356,213.2030546"
2017-11-07,3.93,3.88,4.05,3.97,"449,221.26216777"
2017-11-08,3.96,3.94,4.24,4.21,"1,437,409.1299575"
2017-11-09,4.21,4.1,4.29,4.15,"1,271,633.0302781"
2017-11-10,4.19,3.95,4.24,4.1,"975,020.76339091"
2017-11-11,4.1,3.86,4.22,4.01,"1,436,964.3540154"
2017-11-12,3.92,3.8,4.08,3.93,"1,693,586.796746"
2017-11-13,3.93,3.87,4.09,4.04,"1,043,460.3326797"
2017-11-14,4.06,3.95,4.08,4.06,"462,514.89050857"
2017-11-15,3.99,3.99,4.09,4.08,"498,866.56562835"
2017-11-16,4.08,4.0,4.59,4.24,"5,492,306.5320743"
2017-11-17,4.23,4.21,4.37,4.27,"848,348.14335291"
2017-11-18,4.25,4.23,4.3,4.29,"443,001.68576665"
2017-11-19,4.29,4.27,4.45,4.4,"1,662,312.1592712"
2017-11-20,4.4,4.37,4.55,4.45,"2,173,335.4918272"
2017-11-21,4.45,4.37,4.54,4.39,"773,939.40337523"
2017-11-22,4.42,4.39,4.52,4.52,"850,947.23407721"
2017-11-23,4.52,4.5,4.74,4.62,"1,983,442.5538943"
2017-11-24,4.64,4.4,4.65,4.6,"1,248,734.6898437"
2017-11-25,4.64,4.56,4.75,4.67,"594,689.67137559"
2017-11-26,4.67,4.5,4.68,4.55,"854,801.03573209"
2017-11-27,4.57,4.49,4.79,4.73,"1,763,147.6846142"
2017-11-28,4.67,4.6,5.2,4.84,"4,031,250.7116196"
2017-11-29,4.84,4.5,5.09,4.71,"3,298,949.8095048"
2017-11-30,4.69,4.5,4.78,4.67,"2,080,569.6612091"
2017-12-01,4.62,4.5,4.7,4.61,"1,007,548.3902352"
2017-12-02,4.6,4.58,4.68,4.66,"267,470.87637576"
2017-12-03,4.66,4.61,4.8,4.68,"781,183.02991296"
2017-12-04,4.68,4.58,4.76,4.64,"1,262,933.5266989"
2017-12-05,4.64,4.4,4.67,4.44,"2,050,185.8029642"
2017-12-06,4.47,4.3,4.69,4.51,"2,635,174.6165661"
2017-12-07,4.51,4.12,4.74,4.54,"4,189,703.495077"
2017-12-08,4.6,4.46,4.96,4.9,"2,468,510.2598723"
2017-12-09,4.89,4.46,5.1,4.48,"2,564,809.0158149"
2017-12-10,4.49,4.45,4.84,4.71,"905,957.54836075"
2017-12-11,4.69,4.6,5.1,4.95,"2,357,566.8091915"
2017-12-12,4.96,4.8,8.24,7.55,"10,864,729.072694"
2017-12-13,7.55,7.35,11.39,11.17,"7,454,700.0294386"
2017-12-14,11.2,10.6,20.0,15.68,"10,960,674.33522"
2017-12-15,15.68,15.0,17.3,15.83,"4,320,757.9988927"
2017-12-16,15.84,14.01,16.28,15.14,"2,354,949.1712954"
2017-12-17,15.02,13.5,15.23,14.44,"1,467,610.7933157"
2017-12-18,14.24,14.07,16.6,16.47,"3,674,938.6260518"
2017-12-19,16.42,14.8,16.48,15.0,"3,360,950.3196999"
2017-12-20,15.0,14.71,18.2,17.95,"5,180,555.6280144"
2017-12-21,18.0,17.51,24.87,22.44,"9,224,492.8485478"
2017-12-22,22.11,12.5,22.9,20.3,"8,091,540.7367732"
2017-12-23,20.3,19.6,22.6,21.4,"2,147,669.3998462"
2017-12-24,21.32,20.12,22.02,21.49,"1,298,370.5601852"
2017-12-25,21.48,20.81,22.0,21.04,"833,830.7204642"
2017-12-26,21.34,21.03,25.0,23.92,"2,681,255.2008419"
2017-12-27,23.85,23.5,27.4,25.83,"4,664,712.5105365"
2017-12-28,25.85,25.5,31.5,30.52,"4,016,011.6512668"
2017-12-29,31.0,29.35,65.0,48.44,"12,523,474.330583"
2017-12-30,48.44,35.0,54.8,41.45,"6,189,701.0931902"
2017-12-31,41.02,40.0,47.5,43.7,"2,006,593.5108757"
2018-01-01,44.27,43.18,48.89,45.0,"1,547,457.3161725"
2018-01-02,45.25,44.8,50.0,49.99,"2,914,493.6848951"
2018-01-03,49.99,49.0,62.5,61.99,"5,217,421.9382496"
2018-01-04,61.99,55.0,69.9,58.75,"7,043,892.7839872"
2018-01-05,58.75,50.5,64.95,56.8,"4,444,797.9742193"
2018-01-06,56.13,55.0,58.9,56.6,"1,087,364.4625719"
2018-01-07,56.6,55.41,62.0,55.99,"1,707,059.1344151"
2018-01-08,55.7,44.0,57.72,49.8,"4,984,287.6092015"
2018-01-09,49.09,40.0,52.49,40.25,"5,271,274.2308867"
2018-01-10,41.5,22.07,45.0,32.6,"7,219,780.3789929"
2018-01-11,32.6,32.01,47.5,43.8,"5,801,510.6453537"
2018-01-12,43.58,40.87,44.8,42.6,"1,641,895.2714136"
2018-01-13,42.86,39.08,42.99,39.7,"1,088,174.0731944"
2018-01-14,39.35,38.5,41.3,39.27,"875,382.61724423"
2018-01-15,39.26,30.07,40.0,32.95,"3,938,963.2796781"
2018-01-16,32.95,18.01,33.5,23.0,"10,105,087.500196"
2018-01-17,23.0,16.69,33.0,27.38,"10,484,239.274268"
2018-01-18,27.38,25.1,37.3,31.64,"6,461,783.7053006"
2018-01-19,32.34,27.31,34.61,30.12,"3,892,160.6197785"
2018-01-20,30.12,27.75,31.38,28.33,"1,276,830.4117911"
2018-01-21,28.33,25.51,28.84,26.29,"1,899,105.3493966"
2018-01-22,26.3,21.85,26.98,24.01,"3,565,886.4724875"
2018-01-23,24.01,23.0,27.49,25.25,"2,780,624.6225345"
2018-01-24,25.05,24.51,26.9,25.19,"1,310,875.2708328"
2018-01-25,25.19,23.59,25.53,23.7,"914,464.15242747"
2018-01-26,23.9,22.01,23.9,22.25,"1,645,764.8623582"
2018-01-27,22.49,22.1,23.9,23.64,"537,819.16382193"
2018-01-28,23.5,22.71,26.0,24.54,"1,612,225.2792508"
2018-01-29,24.58,22.8,24.79,23.15,"984,823.44136661"
2018-01-30,23.28,19.2,23.5,20.37,"2,928,896.1351995"
2018-01-31,20.3,20.0,21.44,21.1,"828,564.37730967"
2018-02-01,21.13,14.5,21.29,14.82,"4,572,091.3269994"
2018-02-02,14.82,11.5,17.74,15.17,"6,999,399.386292"
2018-02-03,15.2,15.04,18.89,17.84,"2,262,873.6951756"
2018-02-04,17.83,15.0,18.19,15.7,"1,938,156.8273386"
2018-02-05,15.78,10.77,15.95,10.9,"5,669,455.1766301"
2018-02-06,10.9,10.75,15.1,13.75,"5,692,372.6076779"
2018-02-07,13.74,13.46,16.5,14.51,"3,931,581.6639832"
2018-02-08,14.61,14.07,14.98,14.6,"1,658,520.7891772"
2018-02-09,14.6,14.45,20.0,19.3,"5,905,452.4184381"
2018-02-10,19.3,17.34,23.39,18.26,"6,744,771.0879971"
2018-02-11,18.27,17.2,19.7,18.9,"1,805,781.2805474"
2018-02-12,18.86,18.86,20.2,19.4,"1,625,116.496164"
2018-02-13,19.26,18.5,19.65,19.33,"1,188,799.0988817"
2018-02-14,19.33,19.07,21.7,21.15,"3,014,908.2477733"
2018-02-15,21.01,20.22,21.9,21.0,"1,810,502.3349172"
2018-02-16,20.92,20.41,21.3,21.15,"674,919.76353984"
2018-02-17,21.1,20.8,21.99,20.8,"1,126,926.1133503"
2018-02-18,20.8,20.05,21.53,20.62,"680,115.02741793"
2018-02-19,20.62,20.5,21.33,20.8,"848,875.74475598"
2018-02-20,20.82,17.42,21.0,18.45,"2,760,585.1657385"
2018-02-21,18.48,17.02,19.16,18.41,"2,292,161.9455332"
2018-02-22,18.68,15.7,18.9,16.49,"2,751,562.8742432"
2018-02-23,16.78,16.41,18.5,17.86,"1,256,613.2048914"
2018-02-24,17.87,16.41,18.04,16.98,"758,528.83501725"
2018-02-25,16.8,16.51,17.4,16.89,"587,040.37048933"
2018-02-26,16.74,16.58,17.99,17.39,"810,398.69594729"
2018-02-27,17.4,17.1,17.9,17.36,"805,411.03032979"
2018-02-28,17.56,16.53,17.58,17.0,"763,704.72887626"
2018-03-01,17.0,16.72,17.82,16.98,"798,927.01737186"
2018-03-02,16.9,16.8,17.2,17.15,"398,950.69366003"
2018-03-03,16.94,16.7,17.16,16.8,"316,218.89001427"
2018-03-04,16.81,16.74,18.9,18.37,"1,362,612.6041935"
2018-03-05,18.25,17.59,20.1,17.92,"2,537,162.4678609"
2018-03-06,17.89,17.01,18.46,17.12,"1,275,473.3451175"
2018-03-07,17.12,15.9,17.39,16.43,"1,876,877.3580332"
2018-03-08,16.43,13.72,16.71,13.77,"1,655,619.386791"
2018-03-09,13.74,13.4,17.08,15.92,"2,530,207.3426595"
2018-03-10,15.92,14.52,16.46,15.13,"785,031.32338017"
2018-03-11,15.1,14.69,15.79,15.49,"378,193.47973646"
2018-03-12,15.33,14.74,15.75,15.07,"757,276.80057266"
2018-03-13,15.07,14.37,15.11,14.78,"404,101.84271"
2018-03-14,14.74,11.8,14.8,11.97,"2,992,030.6172464"
2018-03-15,11.99,11.8,13.36,13.07,"1,394,649.2753612"
2018-03-16,12.93,12.6,13.3,12.79,"663,485.50638489"
2018-03-17,12.71,11.03,12.8,11.3,"1,095,181.6994974"
2018-03-18,11.2,10.05,12.79,12.32,"2,468,057.5852123"
2018-03-19,12.44,11.8,13.49,12.78,"1,472,665.67671"
2018-03-20,12.9,12.66,13.4,13.16,"966,717.8911904"
2018-03-21,13.12,12.39,13.25,12.74,"1,017,967.7862503"
2018-03-22,12.66,11.65,12.75,11.74,"1,061,220.1807932"
2018-03-23,11.85,11.31,12.3,12.06,"908,464.74357067"
2018-03-24,12.06,11.6,12.18,11.94,"373,465.03207846"
2018-03-25,11.94,11.55,12.15,11.68,"357,057.46013097"
2018-03-26,11.64,10.4,11.8,10.79,"1,625,234.4640529"
2018-03-27,10.79,10.57,11.19,10.78,"710,692.28824069"
2018-03-28,10.78,10.09,10.98,10.1,"618,416.65450073"
2018-03-29,10.22,8.52,10.3,9.35,"3,006,051.9966945"
2018-03-30,9.36,8.71,9.49,9.1,"999,975.22211111"
2018-03-31,9.1,8.92,9.46,9.18,"355,869.71281498"
2018-04-01,9.1,8.3,9.14,8.8,"649,955.25638"
2018-04-02,8.76,8.73,9.29,9.28,"751,140.70992863"
2018-04-03,9.26,9.19,10.27,9.7,"1,942,242.5531192"
2018-04-04,9.7,8.65,9.9,9.0,"1,750,125.0626828"
2018-04-05,9.03,8.69,9.1,8.97,"613,171.98997028"
2018-04-06,8.97,8.53,9.0,8.86,"662,050.15211928"
2018-04-07,8.85,8.71,9.1,8.91,"382,886.9680417"
2018-04-08,8.91,8.85,9.22,9.2,"305,720.81635422"
2018-04-09,9.22,8.73,9.28,8.91,"744,933.13787388"
2018-04-10,8.91,8.8,9.06,8.9,"265,659.25587698"
2018-04-11,8.93,8.87,10.03,9.86,"2,045,838.4719855"
2018-04-12,9.86,9.27,12.15,11.49,"4,185,805.5449715"
2018-04-13,11.48,11.3,12.93,11.61,"3,306,744.7673975"
2018-04-14,11.71,11.31,12.17,11.85,"739,623.36394698"
2018-04-15,11.85,11.77,12.64,12.13,"987,510.43819104"
2018-04-16,12.18,11.51,12.2,12.02,"893,318.32799112"
2018-04-17,12.01,11.89,12.3,12.08,"627,825.66890838"
2018-04-18,12.01,11.97,13.3,13.03,"2,031,718.126145"
2018-04-19,13.04,12.9,15.97,15.0,"3,104,856.1726689"
2018-04-20,15.0,14.8,17.5,16.84,"3,820,283.2028708"
2018-04-21,16.81,15.0,17.15,15.71,"1,578,635.7035694"
2018-04-22,15.83,15.72,16.75,16.0,"1,242,249.8278393"
2018-04-23,15.93,15.9,17.52,17.35,"1,622,872.5770998"
2018-04-24,17.48,15.15,18.29,15.3,"2,873,516.59135"
2018-04-25,15.32,14.31,16.68,15.4,"3,097,526.9271105"
2018-04-26,15.44,14.55,16.0,15.69,"1,241,977.6098343"
2018-04-27,15.6,15.04,16.2,15.3,"798,008.09685333"
2018-04-28,15.41,15.21,16.79,16.36,"1,028,047.5855051"
2018-04-29,16.36,15.53,16.59,15.83,"599,426.93981098"
2018-04-30,15.9,14.67,16.13,15.02,"1,050,323.5611343"
2018-05-01,14.94,14.8,15.8,15.62,"597,442.6317767"
2018-05-02,15.7,15.53,16.19,16.1,"802,146.3847543"
2018-05-03,16.1,15.65,16.5,16.05,"1,007,420.3003996"
2018-05-04,15.99,15.81,16.65,16.4,"818,204.21722452"
2018-05-05,16.41,16.27,16.75,16.56,"479,522.0789531"
2018-05-06,16.56,15.0,16.57,15.25,"936,818.99209906"
2018-05-07,15.25,15.1,15.88,15.76,"623,148.37693343"
2018-05-08,15.79,14.83,15.79,14.91,"883,917.9570597"
2018-05-09,15.01,14.84,15.59,15.34,"557,131.01454251"
2018-05-10,15.37,14.16,15.43,14.55,"749,484.94146445"
2018-05-11,14.55,12.75,14.59,13.42,"1,886,377.4626361"
2018-05-12,13.3,12.5,14.14,13.37,"817,801.97240183"
2018-05-13,13.26,13.2,14.58,13.72,"867,524.36742284"
2018-05-14,13.72,13.63,14.86,14.59,"724,023.67674288"
2018-05-15,14.54,13.25,14.75,13.6,"1,049,027.5007457"
2018-05-16,13.6,13.43,14.2,13.81,"509,447.73406222"
2018-05-17,13.93,13.02,14.05,13.39,"694,160.59920144"
2018-05-18,13.31,13.06,13.7,13.48,"354,516.26399594"
2018-05-19,13.48,13.43,13.77,13.5,"217,125.45952072"
2018-05-20,13.5,13.5,14.05,13.98,"276,208.86651257"
2018-05-21,13.81,13.2,14.0,13.26,"418,578.82964323"
2018-05-22,13.37,12.51,13.5,12.71,"843,607.58331288"
2018-05-23,12.71,11.55,13.09,12.3,"1,423,294.5179799"
2018-05-24,12.29,11.71,12.78,12.41,"724,124.2291776"
2018-05-25,12.4,11.7,12.51,11.96,"475,039.31088569"
2018-05-26,11.96,11.82,12.3,11.88,"314,871.55635771"
2018-05-27,11.97,11.81,12.12,11.82,"106,484.81173227"
2018-05-28,11.95,10.7,11.95,10.98,"1,175,577.4564762"
2018-05-29,10.9,10.79,12.32,12.15,"1,048,673.0776808"
2018-05-30,12.15,11.63,12.25,12.04,"676,111.62348185"
2018-05-31,12.04,11.92,12.5,12.25,"588,645.50345947"
2018-06-01,12.16,12.12,12.41,12.38,"254,263.24703716"
2018-06-02,12.37,12.21,13.1,13.0,"508,651.06525537"
2018-06-03,12.94,12.94,14.09,13.75,"991,973.7723826"
2018-06-04,13.74,12.75,13.75,12.86,"1,084,973.4318414"
2018-06-05,12.86,12.86,13.79,13.54,"692,733.62888465"
2018-06-06,13.55,13.15,13.72,13.54,"452,183.49853335"
2018-06-07,13.54,13.2,13.75,13.45,"427,454.37339378"
2018-06-08,13.45,13.24,13.69,13.58,"269,955.10072677"
2018-06-09,13.57,12.91,13.58,12.95,"470,963.25589672"
2018-06-10,13.0,11.75,13.06,12.28,"1,310,057.9293681"
2018-06-11,12.28,11.71,12.64,12.26,"693,009.30303639"
2018-06-12,12.23,11.52,12.51,11.74,"911,462.94981615"
2018-06-13,11.74,10.7,11.85,11.48,"1,423,193.7337322"
2018-06-14,11.42,11.02,12.06,11.6,"1,023,009.6298639"
2018-06-15,11.69,11.03,11.72,11.05,"494,244.29684251"
2018-06-16,11.04,10.85,11.27,11.16,"198,932.95273245"
2018-06-17,11.15,10.91,11.25,10.94,"165,768.40640318"
2018-06-18,11.0,10.73,11.46,11.15,"573,493.36540108"
2018-06-19,11.09,10.92,11.55,11.0,"602,746.31322487"
2018-06-20,11.0,10.93,11.24,11.11,"276,713.72776918"
2018-06-21,11.11,10.73,11.19,10.73,"417,341.36997444"
2018-06-22,10.73,9.5,10.83,9.97,"1,378,429.5069917"
2018-06-23,9.97,9.38,9.99,9.38,"429,978.59031548"
2018-06-24,9.38,9.0,9.85,9.65,"955,021.47163945"
2018-06-25,9.65,9.58,10.04,9.75,"855,073.18563038"
2018-06-26,9.74,9.05,9.85,9.2,"746,262.24487138"
2018-06-27,9.18,9.12,9.61,9.4,"536,969.70064377"
2018-06-28,9.4,8.82,9.53,8.89,"705,372.68927505"
2018-06-29,8.85,8.4,9.6,9.4,"990,667.6150667"
2018-06-30,9.31,9.01,9.49,9.06,"354,970.8095039"
2018-07-01,9.1,8.92,9.22,9.09,"283,739.78045994"
2018-07-02,9.09,8.96,10.3,10.19,"825,346.6899965"
2018-07-03,10.19,9.2,10.25,9.3,"1,057,675.9001134"
2018-07-04,9.3,9.26,9.78,9.62,"421,129.05786776"
2018-07-05,9.6,9.06,9.62,9.1,"433,920.05512189"
2018-07-06,9.13,9.01,9.25,9.19,"246,917.65736897"
2018-07-07,9.2,9.1,9.31,9.18,"161,779.35020189"
2018-07-08,9.19,9.12,9.37,9.24,"122,600.68384581"
2018-07-09,9.14,9.1,9.26,9.12,"116,070.24762274"
2018-07-10,9.19,8.51,9.23,8.61,"778,054.52004338"
2018-07-11,8.55,8.5,8.78,8.57,"419,768.90139082"
2018-07-12,8.57,8.23,8.7,8.49,"1,054,814.7870551"
2018-07-13,8.48,8.24,8.67,8.32,"372,949.24310456"
2018-07-14,8.32,8.29,8.45,8.36,"127,683.42666677"
2018-07-15,8.39,8.35,8.66,8.5,"197,979.59628625"
2018-07-16,8.5,8.46,9.19,9.01,"560,254.64010879"
2018-07-17,9.0,8.9,9.77,9.69,"1,081,823.7478267"
2018-07-18,9.69,8.91,9.76,8.91,"975,495.87633304"
2018-07-19,8.98,8.8,9.36,8.82,"469,365.15536194"
2018-07-20,8.93,8.21,8.98,8.48,"714,994.91168543"
2018-07-21,8.48,8.48,8.78,8.63,"177,909.07159349"
2018-07-22,8.63,8.5,8.79,8.69,"198,228.92306122"
2018-07-23,8.69,8.31,8.81,8.36,"544,661.46975167"
2018-07-24,8.36,8.32,8.81,8.68,"626,225.42940583"
2018-07-25,8.68,8.52,8.74,8.61,"268,059.91807055"
2018-07-26,8.69,8.3,8.75,8.39,"410,239.48202557"
2018-07-27,8.4,8.2,8.57,8.32,"1,070,574.7159099"
2018-07-28,8.35,8.2,8.39,8.25,"204,133.23647466"
2018-07-29,8.32,8.0,8.34,8.33,"324,679.7124639"
2018-07-30,8.32,8.11,8.42,8.18,"610,161.25204155"
2018-07-31,8.17,8.0,8.27,8.1,"591,758.97756547"
2018-08-01,8.15,8.06,8.63,8.4,"427,823.96554687"
2018-08-02,8.34,8.05,8.4,8.15,"297,475.53935915"
2018-08-03,8.15,8.09,8.39,8.33,"183,367.04252249"
2018-08-04,8.33,8.1,8.35,8.22,"162,083.70745598"
2018-08-05,8.21,8.1,8.32,8.17,"155,095.87222583"
2018-08-06,8.2,7.63,8.26,7.74,"702,467.74178524"
2018-08-07,7.8,6.57,7.82,6.67,"1,305,817.4184697"
2018-08-08,6.67,6.05,6.68,6.6,"1,616,704.5118693"
2018-08-09,6.61,6.22,6.79,6.39,"970,110.57078291"
2018-08-10,6.41,5.7,6.6,5.82,"1,427,332.9204215"
2018-08-11,5.78,5.51,6.14,5.84,"1,055,431.128528"
2018-08-12,5.84,5.6,5.86,5.78,"227,359.01536903"
2018-08-13,5.78,4.8,5.98,5.08,"1,478,261.198135"
2018-08-14,5.08,4.86,5.74,5.53,"1,186,799.1353631"
2018-08-15,5.48,5.36,5.9,5.47,"1,189,654.1658195"
2018-08-16,5.46,5.4,5.8,5.73,"1,016,724.9226952"
2018-08-17,5.73,5.68,7.15,6.7,"2,265,247.5503406"
2018-08-18,6.73,5.91,6.74,6.2,"923,418.3451784"
2018-08-19,6.18,6.14,6.65,6.33,"721,562.41836926"
2018-08-20,6.34,6.0,6.58,6.14,"880,246.05171254"
2018-08-21,6.19,6.13,6.65,6.44,"754,196.63229073"
2018-08-22,6.44,5.9,6.51,6.05,"1,048,910.7505"
2018-08-23,6.05,6.0,6.24,6.1,"469,631.54673358"
2018-08-24,6.15,5.94,6.21,6.12,"592,554.75042444"
2018-08-25,6.17,6.06,6.2,6.12,"166,056.07314088"
2018-08-26,6.12,6.06,6.15,6.15,"134,562.81235421"
2018-08-27,6.15,6.08,6.38,6.31,"622,908.46366449"
2018-08-28,6.34,6.26,6.73,6.52,"1,402,705.1259889"
2018-08-29,6.51,6.4,6.72,6.42,"512,975.59365983"
2018-08-30,6.49,6.14,6.49,6.36,"691,085.11166421"
2018-08-31,6.41,6.25,6.52,6.43,"487,106.79765798"
2018-09-01,6.42,6.4,6.7,6.51,"762,716.46021546"
2018-09-02,6.53,6.37,6.6,6.45,"199,011.36844103"
2018-09-03,6.38,6.35,6.48,6.44,"368,422.14668212"
2018-09-04,6.43,6.36,6.57,6.44,"504,771.88030972"
2018-09-05,6.47,5.26,6.49,5.55,"2,492,382.4212216"
2018-09-06,5.57,5.46,5.99,5.73,"1,065,229.8624682"
2018-09-07,5.84,5.5,5.87,5.66,"470,449.16822868"
2018-09-08,5.63,5.27,5.76,5.42,"646,261.44260357"
2018-09-09,5.43,5.33,6.1,5.41,"727,895.23367766"
2018-09-10,5.44,5.13,5.51,5.3,"845,376.03242474"
2018-09-11,5.29,4.99,5.36,5.16,"1,693,203.5641623"
2018-09-12,5.14,4.94,5.31,5.27,"1,147,328.9544292"
2018-09-13,5.26,5.2,5.46,5.38,"796,337.76688953"
2018-09-14,5.38,5.19,5.38,5.26,"332,778.8719708"
2018-09-15,5.33,5.25,5.42,5.28,"232,540.85257274"
2018-09-16,5.28,5.25,5.36,5.31,"107,351.66037611"
2018-09-17,5.33,5.07,5.36,5.16,"773,045.17879234"
2018-09-18,5.16,5.15,6.32,6.06,"2,641,079.3381276"
2018-09-19,6.06,5.83,6.23,6.15,"1,057,077.5224102"
2018-09-20,6.15,6.1,9.55,8.36,"7,479,381.6224962"
2018-09-21,8.38,8.35,14.4,11.1,"13,587,216.205959"
2018-09-22,11.1,9.57,11.25,10.47,"2,319,427.0510422"
2018-09-23,10.46,9.9,10.47,10.25,"534,128.2584824"
2018-09-24,10.25,8.3,10.39,8.72,"3,300,447.639788"
2018-09-25,8.66,8.03,10.14,9.61,"3,742,916.7965574"
2018-09-26,9.6,9.3,10.5,9.68,"3,039,310.4329265"
2018-09-27,9.78,9.55,10.2,9.95,"1,252,306.6845134"
2018-09-28,9.95,9.69,10.09,9.89,"709,896.36719161"
2018-09-29,9.81,9.77,10.92,10.56,"1,347,476.6749664"
2018-09-30,10.63,10.31,11.48,10.75,"1,924,940.4215735"
2018-10-01,10.75,9.87,11.0,10.69,"1,828,549.261943"
2018-10-02,10.67,9.51,10.71,9.8,"1,822,252.4228162"
2018-10-03,9.82,9.65,10.4,10.4,"708,002.20873762"
2018-10-04,10.39,9.9,10.4,9.95,"538,380.12361591"
2018-10-05,9.95,9.52,10.02,9.73,"849,139.27191777"
2018-10-06,9.7,8.75,9.86,8.93,"1,425,743.4361048"
2018-10-07,8.93,8.87,9.41,9.18,"493,839.63448378"
2018-10-08,9.24,9.1,9.49,9.36,"995,102.61529115"
2018-10-09,9.36,9.02,9.36,9.1,"476,821.48365211"
2018-10-10,9.14,7.88,9.17,8.22,"1,739,731.6433172"
2018-10-11,8.1,7.14,8.2,7.81,"2,046,178.0222468"
2018-10-12,7.81,7.57,8.5,7.87,"1,163,651.522503"
2018-10-13,7.86,7.85,8.17,8.09,"348,811.22626541"
2018-10-14,8.09,7.51,8.13,7.84,"550,806.47067395"
2018-10-15,7.8,7.73,9.1,8.18,"1,870,881.6464907"
2018-10-16,8.15,8.15,8.7,8.62,"818,681.49222802"
2018-10-17,8.62,8.45,8.91,8.85,"643,177.25701614"
2018-10-18,8.8,8.37,8.87,8.64,"671,034.02718486"
2018-10-19,8.58,8.45,8.73,8.7,"378,104.2129366"
2018-10-20,8.62,8.59,8.89,8.81,"182,288.04986414"
2018-10-21,8.74,8.64,8.83,8.68,"166,849.27296977"
2018-10-22,8.74,8.6,8.76,8.67,"392,123.7652263"
2018-10-23,8.68,8.34,9.0,8.85,"832,837.84012701"
2018-10-24,8.85,8.72,8.9,8.85,"247,188.49069091"
2018-10-25,8.86,8.78,8.95,8.81,"222,811.40609372"
2018-10-26,8.82,8.71,8.93,8.75,"261,632.34180225"
2018-10-27,8.88,8.69,8.88,8.81,"130,195.97325401"
2018-10-28,8.7,8.69,8.98,8.94,"177,641.58218543"
2018-10-29,8.92,8.55,8.95,8.88,"419,085.66089619"
2018-10-30,8.84,8.75,8.89,8.87,"255,805.63989111"
2018-10-31,8.87,8.77,9.19,9.12,"658,962.95038071"
2018-11-01,9.12,9.0,9.42,9.2,"463,215.17883744"
2018-11-02,9.3,9.09,9.36,9.13,"342,722.76047448"
2018-11-03,9.13,9.0,9.23,9.01,"278,476.95562371"
2018-11-04,9.01,9.0,9.32,9.23,"387,280.87834929"
2018-11-05,9.26,9.15,10.25,10.18,"1,261,195.5638345"
2018-11-06,10.18,10.11,10.84,10.27,"1,544,884.0488486"
2018-11-07,10.3,9.93,10.51,10.0,"817,191.39036383"
2018-11-08,10.0,9.7,10.25,10.14,"720,137.28253885"
2018-11-09,10.17,9.91,10.23,10.12,"243,794.55655928"
2018-11-10,10.06,10.0,10.19,10.11,"148,091.03064578"
2018-11-11,10.03,10.0,10.18,10.15,"107,807.35335095"
2018-11-12,10.17,10.0,10.6,10.3,"659,608.14410842"
2018-11-13,10.3,10.1,10.49,10.34,"448,235.96487401"
2018-11-14,10.34,8.5,10.34,9.24,"2,187,775.617867"
2018-11-15,9.29,8.99,9.78,9.69,"1,013,415.4881152"
2018-11-16,9.69,9.31,9.77,9.43,"352,764.45322071"
2018-11-17,9.53,9.43,10.5,10.46,"794,766.00517968"
2018-11-18,10.46,9.7,10.55,9.79,"613,642.82764556"
2018-11-19,9.89,9.51,10.39,9.57,"1,465,027.3516185"
2018-11-20,9.63,8.1,9.79,8.35,"1,750,686.6090882"
2018-11-21,8.2,8.19,8.81,8.66,"573,887.00823266"
2018-11-22,8.65,7.5,8.79,7.87,"1,098,150.5355144"
2018-11-23,7.87,7.72,8.39,8.08,"525,730.030804"
2018-11-24,8.08,6.57,8.25,7.01,"1,048,474.2367613"
2018-11-25,6.95,6.5,7.89,7.52,"774,441.3864857"
2018-11-26,7.54,6.87,7.75,7.25,"682,579.17053758"
2018-11-27,7.26,7.02,7.81,7.7,"520,715.40195373"
2018-11-28,7.74,7.59,8.24,7.8,"796,215.63899329"
2018-11-29,7.84,7.5,7.92,7.62,"459,644.46259137"
2018-11-30,7.62,7.13,7.72,7.33,"756,401.49102637"
2018-12-01,7.36,7.22,7.7,7.52,"323,269.31126081"
2018-12-02,7.62,7.22,7.65,7.25,"369,971.89489816"
2018-12-03,7.24,7.0,7.41,7.0,"743,437.84266006"
2018-12-04,7.0,6.95,7.4,7.27,"383,923.18241361"
2018-12-05,7.27,6.82,7.27,7.0,"501,466.32573723"
2018-12-06,7.04,6.0,7.07,6.25,"1,060,875.2558494"
2018-12-07,6.25,5.9,6.63,6.36,"922,434.574124"
2018-12-08,6.37,6.03,6.48,6.23,"464,646.91275577"
2018-12-09,6.2,6.15,6.49,6.35,"265,332.75678648"
2018-12-10,6.25,6.04,6.34,6.22,"484,086.69071225"
2018-12-11,6.16,5.97,6.24,6.07,"459,912.61508289"
2018-12-12,6.12,6.07,6.28,6.16,"367,995.75947137"
2018-12-13,6.16,6.02,6.27,6.09,"314,174.1395241"
2018-12-14,6.09,5.75,6.13,5.78,"828,820.70363273"
2018-12-15,5.85,5.7,5.99,5.94,"393,880.92508024"
2018-12-16,5.93,5.74,5.93,5.84,"242,006.8473977"
2018-12-17,5.79,5.76,6.97,6.62,"1,994,272.1683479"
2018-12-18,6.65,6.58,7.6,7.47,"2,120,518.7182469"
2018-12-19,7.47,6.8,8.0,7.06,"1,666,499.989813"
2018-12-20,7.06,7.01,7.74,7.26,"1,346,514.5025867"
2018-12-21,7.35,6.9,7.58,7.05,"691,811.48746272"
2018-12-22,7.06,6.93,7.5,7.4,"557,810.95906422"
2018-12-23,7.38,7.34,8.56,8.48,"1,106,144.868512"
2018-12-24,8.56,7.5,9.09,7.66,"2,307,798.9228204"
2018-12-25,7.66,7.41,8.09,7.82,"839,281.05772961"
2018-12-26,7.9,7.3,7.93,7.35,"368,421.88207509"
2018-12-28,6.81,6.7,7.6,7.24,"3,475,141.8438787"
2018-12-27,7.42,6.65,7.49,6.92,"5,229,941.6808169"
2018-12-29,7.3,7.01,7.49,7.1,"5,229,941.6808169"
2018-12-30,7.1,7.02,7.24,7.12,"1,648,099.0283377"
2018-12-31,7.13,6.73,7.16,6.88,"1,761,118.7249213"
2019-01-01,6.88,6.81,7.15,7.05,"287,140.19170315"
2019-01-02,6.97,6.96,7.31,7.13,"241,273.41544049"
2019-01-03,7.13,6.81,7.18,6.95,"426,173.95581453"
2019-01-04,7.08,6.81,7.1,6.97,"537,268.89205144"
2019-01-05,6.98,6.86,7.02,6.95,"248,719.61850217"
2019-01-06,6.94,6.87,7.17,7.1,"230,876.09534856"
2019-01-07,7.03,6.96,7.27,7.0,"314,831.94550374"
2019-01-08,7.0,6.98,7.18,7.13,"418,946.15825173"
2019-01-09,7.13,7.05,7.35,7.18,"626,458.35195156"
2019-01-10,7.24,6.2,7.28,6.36,"1,176,726.9903244"
2019-01-11,6.3,6.28,6.51,6.41,"367,486.66287038"
2019-01-12,6.41,6.33,6.47,6.44,"269,211.83310031"
2019-01-13,6.44,6.04,6.47,6.2,"465,506.18707651"
2019-01-14,6.2,6.17,6.5,6.39,"260,424.73724841"
2019-01-15,6.35,6.16,6.4,6.3,"383,569.74580178"
2019-01-16,6.31,6.17,6.37,6.25,"427,338.32542099"
2019-01-17,6.24,6.18,6.33,6.23,"184,127.94573656"
2019-01-18,6.23,6.1,6.3,6.29,"278,961.18612192"
2019-01-19,6.22,6.19,6.42,6.32,"222,895.92038966"
2019-01-20,6.32,6.07,6.35,6.18,"306,221.54733253"
2019-01-21,6.18,6.06,6.24,6.17,"196,826.72191678"
2019-01-22,6.16,6.0,6.18,6.1,"302,617.46539935"
2019-01-23,6.12,5.91,6.17,6.0,"367,090.80649902"
2019-01-24,6.0,5.92,6.05,6.04,"226,316.32996526"
2019-01-25,6.01,5.9,6.05,5.98,"358,268.61641535"
2019-01-26,5.99,5.94,6.04,5.95,"256,430.82659622"
2019-01-27,6.01,5.65,6.02,5.71,"460,005.4224174"
2019-01-28,5.66,5.38,5.74,5.46,"500,111.6698722"
2019-01-29,5.42,5.38,5.6,5.53,"498,883.48622074"
2019-01-30,5.53,5.46,6.34,6.16,"1,214,909.3805716"
2019-01-31,6.16,5.59,6.19,5.76,"877,132.65441968"
2019-02-01,5.67,5.66,5.99,5.85,"434,445.32754019"
2019-02-02,5.8,5.79,5.94,5.89,"241,002.6773089"
2019-02-03,5.82,5.62,5.89,5.76,"323,282.61416887"
2019-02-04,5.69,5.58,5.79,5.65,"237,310.78645433"
2019-02-05,5.6,5.43,5.68,5.53,"571,270.77706499"
2019-02-06,5.53,5.43,5.58,5.54,"463,454.0471449"
2019-02-07,5.5,5.45,5.57,5.52,"274,839.13269424"
2019-02-08,5.51,5.5,5.95,5.78,"856,061.55682394"
2019-02-09,5.85,5.72,5.89,5.8,"179,279.95088743"
2019-02-10,5.81,5.63,5.82,5.73,"147,914.22528527"
2019-02-11,5.73,5.65,5.82,5.67,"193,548.8007978"
2019-02-12,5.67,5.63,5.82,5.75,"216,701.35476233"
2019-02-13,5.82,5.67,5.85,5.77,"243,972.55326858"
2019-02-14,5.71,5.61,5.77,5.65,"211,895.24863106"
2019-02-15,5.71,5.58,5.76,5.69,"199,027.27452949"
2019-02-16,5.69,5.64,5.76,5.74,"105,084.66450221"
2019-02-17,5.74,5.69,5.93,5.82,"350,275.00052015"
2019-02-18,5.83,5.83,6.16,6.05,"1,179,716.8059353"
2019-02-19,6.04,5.9,6.49,6.07,"1,120,397.8318055"
2019-02-20,6.12,6.05,6.21,6.16,"274,806.15418895"
2019-02-21,6.18,5.93,6.2,6.05,"421,070.10985703"
2019-02-22,6.01,5.95,6.07,6.01,"214,720.66689328"
2019-02-23,6.01,5.9,6.35,6.28,"903,097.99509217"
2019-02-24,6.28,5.64,6.32,5.76,"981,603.78800156"
2019-02-25,5.76,5.68,6.38,6.02,"1,345,591.9920129"
2019-02-26,6.03,5.85,6.08,5.96,"592,479.24189267"
2019-02-27,5.96,5.8,6.03,5.93,"315,727.67357349"
2019-02-28,5.89,5.81,6.09,5.99,"587,266.94485911"
2019-03-01,6.05,5.98,6.15,6.08,"390,681.17332902"
2019-03-02,6.03,6.0,6.08,6.07,"268,901.20889686"
2019-03-03,6.07,5.9,6.1,5.97,"302,622.45151335"
2019-03-04,5.91,5.82,6.0,5.88,"455,333.01785597"
2019-03-05,5.86,5.84,6.05,5.93,"770,001.88444002"
2019-03-06,5.98,5.93,6.1,6.07,"601,073.69329916"
2019-03-07,6.05,6.0,6.08,6.05,"324,226.29220332"
2019-03-08,6.05,5.9,6.07,5.96,"381,536.30137068"
2019-03-09,6.03,5.98,6.09,6.02,"402,652.4343874"
2019-03-10,6.01,6.0,6.09,6.0,"165,046.39416123"
2019-03-11,6.04,5.87,6.07,5.92,"244,238.78563204"
2019-03-12,5.89,5.87,5.99,5.95,"343,101.79050979"
2019-03-13,5.96,5.92,6.1,5.99,"424,993.85253725"
2019-03-14,6.05,5.92,6.06,5.98,"236,772.48490968"
2019-03-15,5.94,5.92,6.06,6.01,"484,531.89496159"
2019-03-16,6.05,5.97,6.06,6.02,"105,240.41208753"
2019-03-17,5.99,5.97,6.06,6.0,"170,045.37750271"
2019-03-18,6.03,5.92,6.03,5.94,"251,008.57484327"
2019-03-19,5.95,5.9,5.99,5.93,"319,545.56435561"
2019-03-20,5.92,5.87,6.0,5.91,"445,654.13431627"
2019-03-21,5.92,5.77,5.92,5.83,"509,881.59054665"
2019-03-22,5.83,5.83,5.95,5.88,"312,510.46704488"
2019-03-23,5.88,5.84,5.91,5.88,"142,098.33758568"
2019-03-24,5.89,5.81,5.91,5.83,"232,803.14710076"
2019-03-25,5.84,5.65,5.88,5.71,"587,814.97122056"
2019-03-26,5.7,5.57,5.79,5.77,"405,836.36561251"
2019-03-27,5.77,5.73,5.82,5.75,"573,061.44032867"
2019-03-28,5.74,5.6,5.77,5.66,"2,813,173.5374996"
2019-03-29,5.7,5.55,5.81,5.74,"2,266,593.6668725"
2019-03-30,5.72,5.63,5.78,5.7,"1,277,411.717514"
2019-03-31,5.7,5.65,5.78,5.68,"1,130,261.5659808"
2019-04-01,5.74,5.67,6.34,6.05,"2,799,326.1493136"
2019-04-02,6.05,6.03,6.96,6.41,"3,197,282.3836883"
2019-04-03,6.43,6.18,7.07,6.46,"3,732,618.3947003"
2019-04-04,6.52,6.09,7.13,6.95,"3,102,433.8638764"
2019-04-05,6.95,6.71,7.05,6.77,"1,115,338.9899157"
2019-04-06,6.74,6.61,6.9,6.79,"510,588.10492906"
2019-04-07,6.79,6.75,6.95,6.78,"292,086.70675556"
2019-04-08,6.85,6.62,6.89,6.66,"389,836.85578821"
2019-04-09,6.66,6.54,6.73,6.67,"430,853.79229795"
2019-04-10,6.69,6.27,6.79,6.31,"538,603.42014768"
2019-04-11,6.38,6.08,6.44,6.17,"528,958.75987517"
2019-04-12,6.14,6.07,6.38,6.3,"512,729.89967466"
2019-04-13,6.36,6.14,6.36,6.23,"164,051.11117244"
2019-04-14,6.19,6.14,6.31,6.26,"173,901.43721496"
2019-04-15,6.27,6.0,6.31,6.05,"485,457.5357671"
2019-04-16,6.05,6.01,6.16,6.13,"359,694.53445134"
2019-04-17,6.09,6.02,6.51,6.49,"516,183.96879353"
2019-04-18,6.46,6.2,6.49,6.27,"308,287.08817834"
2019-04-19,6.27,6.17,6.3,6.24,"124,887.3376437"
2019-04-20,6.24,6.1,6.27,6.14,"190,841.67439947"
2019-04-21,6.18,6.02,6.22,6.2,"343,427.51501173"
2019-04-22,6.17,6.03,6.22,6.15,"684,771.44594535"
2019-04-23,6.09,6.01,6.22,6.1,"888,802.24827221"
2019-04-24,6.09,5.62,6.1,5.74,"1,188,305.9583531"
2019-04-25,5.74,5.45,5.9,5.58,"850,905.90417309"
2019-04-26,5.56,5.45,5.67,5.67,"379,384.8122368"
2019-04-27,5.67,5.54,5.7,5.7,"250,352.95493599"
2019-04-28,5.61,5.51,5.76,5.6,"138,405.88650869"
2019-04-29,5.6,5.46,5.62,5.48,"311,893.46117882"
2019-04-30,5.49,5.46,5.87,5.73,"661,187.13078054"
2019-05-01,5.74,5.64,5.83,5.66,"225,180.22413567"
2019-05-02,5.66,5.52,5.77,5.64,"383,318.32304118"
2019-05-03,5.7,5.57,5.89,5.72,"555,853.39938323"
2019-05-04,5.75,5.57,5.82,5.7,"313,052.32467122"
2019-05-05,5.67,5.58,5.72,5.6,"102,026.01947641"
2019-05-06,5.62,5.56,5.73,5.71,"382,548.44030437"
2019-05-07,5.65,5.58,5.74,5.69,"296,371.272025"
2019-05-08,5.69,5.58,5.73,5.71,"349,636.94857899"
2019-05-09,5.71,5.51,5.72,5.59,"529,816.08776986"
2019-05-10,5.59,5.58,5.79,5.63,"422,651.81508906"
2019-05-11,5.63,5.61,6.34,6.02,"1,604,063.6714667"
2019-05-12,6.03,5.82,6.23,6.02,"791,002.57085308"
2019-05-13,6.11,5.96,7.49,7.47,"2,284,888.5337536"
2019-05-14,7.47,6.5,8.77,8.34,"5,346,000.5774598"
2019-05-15,8.33,8.01,9.3,8.37,"3,865,749.1731584"
2019-05-16,8.5,7.0,8.71,7.32,"4,114,104.537905"
2019-05-17,7.32,6.8,7.64,7.31,"1,569,140.2984044"
2019-05-18,7.33,7.09,7.6,7.58,"708,233.87522277"
2019-05-19,7.58,7.46,8.15,7.73,"1,216,571.4701715"
2019-05-20,7.77,7.34,7.81,7.5,"840,202.83726205"
2019-05-21,7.5,7.41,7.8,7.7,"719,479.58266252"
2019-05-22,7.75,7.12,7.77,7.12,"1,180,859.9393535"
2019-05-23,7.12,7.03,7.34,7.24,"576,536.99783025"
2019-05-24,7.25,7.17,7.55,7.46,"561,965.21302141"
2019-05-25,7.37,7.26,7.48,7.29,"282,634.12344161"
2019-05-26,7.35,7.2,7.99,7.81,"1,201,752.4713942"
2019-05-27,7.86,7.75,8.57,8.24,"1,625,428.6723496"
2019-05-28,8.25,8.01,8.75,8.27,"1,869,154.6561024"
2019-05-29,8.27,8.11,8.75,8.7,"1,590,941.7332809"
2019-05-30,8.69,8.02,9.0,8.16,"2,455,753.1951546"
2019-05-31,8.15,8.11,8.72,8.68,"832,860.31164563"
2019-06-01,8.63,8.37,8.69,8.59,"359,569.57022186"
2019-06-02,8.51,8.51,9.0,8.99,"726,877.5812823"
2019-06-03,8.93,8.05,9.0,8.19,"1,515,572.2487888"
2019-06-04,8.17,7.6,8.3,7.93,"1,219,580.6891501"
2019-06-05,7.95,7.77,8.15,8.06,"734,876.87109307"
2019-06-06,8.05,7.86,8.42,8.25,"1,090,735.5538218"
2019-06-07,8.29,8.2,8.49,8.29,"601,053.85975045"
2019-06-08,8.23,8.0,8.34,8.1,"420,390.46060285"
2019-06-09,8.03,7.5,8.2,7.62,"1,027,016.8527742"
2019-06-10,7.63,7.5,7.89,7.71,"716,712.81323949"
2019-06-11,7.61,7.44,7.72,7.65,"630,574.90757974"
2019-06-12,7.65,7.56,7.89,7.82,"718,721.99923566"
2019-06-13,7.76,7.65,7.85,7.7,"446,064.48966617"
2019-06-14,7.66,7.57,7.92,7.82,"590,507.10149748"
2019-06-15,7.87,7.76,8.12,8.08,"639,628.95942778"
2019-06-16,8.05,8.0,8.35,8.17,"680,022.50362049"
2019-06-17,8.19,8.07,8.64,8.5,"1,376,778.9783341"
2019-06-18,8.5,8.02,8.51,8.14,"705,265.28831381"
2019-06-19,8.14,8.14,8.39,8.31,"330,573.10158996"
2019-06-20,8.23,8.01,8.35,8.26,"660,591.47037972"
2019-06-21,8.3,8.22,8.69,8.59,"947,221.83682351"
2019-06-22,8.59,8.45,9.48,9.05,"2,574,194.5069746"
2019-06-23,9.05,8.57,9.08,8.65,"817,144.46283867"
2019-06-24,8.7,8.66,9.05,8.94,"993,810.76681659"
2019-06-25,8.97,8.79,9.29,9.25,"1,157,550.0369955"
2019-06-26,9.23,8.55,9.5,9.0,"2,965,503.0010314"
2019-06-27,8.99,7.25,9.1,7.79,"2,420,599.1018851"
2019-06-28,7.74,7.68,8.26,7.91,"1,055,713.1364405"
2019-06-29,7.92,7.79,8.27,8.14,"628,124.01793785"
2019-06-30,8.18,7.51,8.19,8.0,"1,451,828.243447"
2019-07-01,7.92,7.5,8.0,7.61,"689,828.12391379"
2019-07-02,7.61,7.2,7.85,7.81,"758,808.90028285"
2019-07-03,7.73,7.56,7.84,7.61,"592,115.93781574"
2019-07-04,7.6,7.25,7.69,7.32,"863,968.1597734"
2019-07-05,7.35,7.25,7.59,7.4,"667,965.16298265"
2019-07-06,7.43,7.33,7.88,7.57,"418,252.90204777"
2019-07-07,7.57,7.45,7.68,7.6,"114,598.24098368"
2019-07-08,7.52,7.5,7.75,7.66,"582,205.56617097"
2019-07-09,7.72,7.45,7.72,7.52,"619,828.68932819"
2019-07-10,7.57,6.19,7.8,6.36,"2,241,281.2633662"
2019-07-11,6.42,6.13,6.65,6.25,"1,325,914.7687077"
2019-07-12,6.25,6.21,6.8,6.58,"770,430.71839115"
2019-07-13,6.6,6.25,6.6,6.31,"316,871.42198325"
2019-07-14,6.31,5.85,6.44,6.13,"937,956.19213744"
2019-07-15,6.08,5.91,6.26,6.05,"667,030.26588305"
2019-07-16,6.01,5.55,6.1,5.75,"1,141,039.7313304"
2019-07-17,5.76,5.67,6.22,6.11,"508,305.1751756"
2019-07-18,6.11,5.83,6.22,6.15,"443,476.62059217"
2019-07-19,6.13,5.92,6.33,6.3,"674,617.09206323"
2019-07-20,6.26,6.21,6.5,6.26,"248,788.78621912"
2019-07-21,6.29,6.1,6.37,6.33,"110,673.24060908"
2019-07-22,6.33,6.02,6.34,6.11,"2,288,616.9800896"
2019-07-23,6.05,5.8,6.11,5.91,"4,244,809.5524556"
2019-07-24,5.85,5.84,6.2,6.15,"323,392.10801115"
2019-07-25,6.1,5.89,6.16,5.96,"1,046,567.4729909"
2019-07-26,5.96,5.91,6.2,6.19,"386,741.66906089"
2019-07-27,6.17,5.9,6.19,5.94,"453,741.34443128"
2019-07-28,5.99,5.8,6.02,6.0,"352,851.93201664"
2019-07-29,5.95,5.86,6.01,5.94,"679,188.65818839"
2019-07-30,5.93,5.89,6.13,6.07,"1,006,190.9875158"
2019-07-31,6.1,6.0,6.14,6.05,"1,379,724.2573279"
2019-08-01,6.05,5.99,6.13,6.08,"1,197,319.7208227"
2019-08-02,6.09,5.99,6.13,6.08,"1,834,286.7719209"
2019-08-03,6.09,6.03,6.14,6.04,"574,397.86738436"
2019-08-04,6.04,6.02,6.3,6.29,"1,964,220.3273951"
2019-08-05,6.29,6.22,6.47,6.24,"2,449,848.7763245"
2019-08-06,6.25,6.02,6.35,6.15,"2,065,884.5552644"
2019-08-07,6.14,6.02,6.18,6.03,"2,015,926.6093942"
2019-08-08,6.02,5.92,6.06,5.97,"2,031,947.3402564"
2019-08-09,5.94,5.67,6.13,5.89,"2,234,917.2010121"
2019-08-10,5.88,5.7,6.03,5.83,"814,084.31635341"
2019-08-11,5.88,5.8,6.0,5.9,"798,448.50734924"
2019-08-12,5.91,5.83,5.98,5.85,"1,252,320.7635162"
2019-08-13,5.84,5.7,5.89,5.78,"1,826,200.6105243"
2019-08-14,5.78,5.01,5.78,5.1,"2,743,402.2876683"
2019-08-15,5.1,5.0,5.33,5.18,"763,853.77826169"
2019-08-16,5.14,5.02,5.2,5.1,"2,470,535.8856178"
2019-08-17,5.14,5.09,5.3,5.21,"1,292,034.1700775"
2019-08-18,5.22,5.2,5.75,5.63,"1,991,136.5668288"
2019-08-19,5.6,5.48,5.69,5.52,"1,558,208.5788941"
2019-08-20,5.56,5.18,5.57,5.24,"1,633,309.1137667"
2019-08-21,5.23,5.05,5.28,5.25,"1,799,534.2464427"
2019-08-22,5.25,5.18,5.43,5.39,"1,726,479.6928936"
2019-08-23,5.39,5.35,5.55,5.46,"1,565,935.2019184"
2019-08-24,5.45,5.28,5.46,5.42,"1,250,777.8781473"
2019-08-25,5.41,5.31,5.59,5.45,"1,601,199.5644991"
2019-08-26,5.45,5.31,5.47,5.38,"1,902,589.5509721"
2019-08-27,5.38,5.3,5.42,5.33,"1,603,313.3355405"
2019-08-28,5.32,4.96,5.37,5.14,"3,042,623.0643665"
2019-08-29,5.14,5.03,5.29,5.13,"2,646,376.0017346"
2019-08-30,5.13,5.05,5.19,5.15,"1,697,661.9761742"
2019-08-31,5.18,5.05,5.22,5.16,"1,457,363.5754775"
2019-09-01,5.16,5.06,5.2,5.12,"1,383,790.4818205"
2019-09-02,5.15,5.1,5.35,5.26,"2,257,111.8196277"
2019-09-03,5.26,5.2,5.34,5.21,"443,688.6960886"
2019-09-04,5.21,5.05,5.22,5.07,"4,034,733.0236605"
2019-09-05,5.1,4.99,5.11,5.1,"2,000,808.7291553"
2019-09-06,5.1,4.84,5.11,4.92,"2,860,896.8286208"
2019-09-07,4.93,4.89,5.18,5.18,"1,241,138.9274538"
2019-09-08,5.18,5.03,5.18,5.08,"654,739.37228363"
2019-09-09,5.06,5.02,5.14,5.12,"3,045,530.0744781"
2019-09-10,5.13,4.95,5.14,5.03,"3,161,094.6687361"
2019-09-11,5.03,4.89,5.03,4.93,"2,210,932.5955054"
2019-09-12,4.93,4.86,5.0,4.97,"3,798,518.8663588"
2019-09-13,4.95,4.86,4.99,4.95,"4,409,099.3971956"
2019-09-14,4.96,4.93,5.15,5.08,"1,906,999.2173098"
2019-09-15,5.09,5.03,5.14,5.08,"181,124.27809241"
2019-09-16,5.08,4.98,5.12,5.09,"2,169,607.7911253"
2019-09-17,5.07,5.06,6.03,5.96,"7,224,267.1697065"
2019-09-18,5.94,5.58,6.3,5.62,"4,420,727.4624168"
2019-09-19,5.65,5.52,5.97,5.73,"4,054,947.2242232"
2019-09-20,5.73,5.54,5.8,5.7,"3,356,669.2994896"
2019-09-21,5.71,5.36,5.74,5.38,"2,017,825.3270936"
2019-09-22,5.42,5.22,5.48,5.33,"1,158,576.6231854"
2019-09-23,5.34,5.15,5.55,5.28,"4,459,619.1307499"
2019-09-24,5.29,4.3,5.3,4.68,"8,448,535.586123"
2019-09-25,4.68,4.59,4.88,4.78,"3,474,549.6290946"
2019-09-26,4.76,4.52,4.88,4.7,"5,128,030.31003"
2019-09-27,4.7,4.57,4.89,4.8,"4,406,579.0938601"
2019-09-28,4.77,4.69,4.8,4.72,"2,739,553.5123672"
2019-09-29,4.75,4.64,4.77,4.69,"2,705,727.8805083"
2019-09-30,4.71,4.68,5.22,5.16,"5,502,728.1975076"
2019-10-01,5.18,4.85,5.23,4.91,"4,469,873.4239527"
2019-10-02,4.9,4.85,5.04,4.97,"5,555,827.0354815"
2019-10-03,4.96,4.77,4.98,4.86,"4,448,362.4583377"
2019-10-04,4.83,4.78,5.01,4.98,"4,546,483.9840419"
2019-10-05,4.96,4.84,4.99,4.95,"2,771,514.1769875"
2019-10-06,4.95,4.88,5.29,5.17,"3,118,927.0326614"
2019-10-07,5.18,5.15,5.57,5.5,"5,701,390.2037951"
2019-10-08,5.48,5.28,5.49,5.4,"4,007,570.4468267"
2019-10-09,5.37,5.36,5.61,5.41,"5,134,790.5454181"
2019-10-10,5.43,5.21,5.43,5.35,"4,019,656.9533323"
2019-10-11,5.35,5.11,5.35,5.27,"4,198,792.6702412"
2019-10-12,5.27,5.22,5.35,5.33,"3,247,111.0012569"
2019-10-13,5.31,5.29,5.53,5.51,"4,573,322.067969"
2019-10-14,5.48,5.48,5.76,5.67,"2,255,334.7829123"
2019-10-15,5.69,5.45,5.73,5.57,"4,108,756.5384759"
2019-10-16,5.56,5.35,5.6,5.4,"5,665,135.4380385"
2019-10-17,5.4,5.4,5.82,5.73,"5,107,815.9532405"
2019-10-18,5.72,5.48,5.72,5.58,"4,902,673.049817"
2019-10-19,5.58,5.41,5.69,5.45,"5,067,441.8014361"
2019-10-20,5.47,5.43,5.66,5.54,"6,016,090.82629"
2019-10-21,5.55,5.33,5.77,5.68,"5,916,840.577856"
2019-10-22,5.72,5.43,5.72,5.51,"5,425,331.9763662"
2019-10-23,5.54,4.82,5.6,5.17,"7,090,476.7919835"
2019-10-24,5.16,5.1,5.37,5.3,"5,470,569.2087675"
2019-10-25,5.3,5.26,5.98,5.8,"7,995,391.4386408"
2019-10-26,5.79,5.31,5.81,5.7,"6,606,941.5713646"
2019-10-27,5.69,5.56,5.83,5.72,"6,461,870.9295657"
2019-10-28,5.73,5.54,5.74,5.68,"7,338,469.5687789"
2019-10-29,5.69,5.53,5.9,5.71,"4,724,918.7188502"
2019-10-30,5.72,5.55,5.76,5.65,"4,476,813.5515135"
2019-10-31,5.65,5.51,5.68,5.62,"4,690,166.4345343"
2019-11-01,5.6,5.39,5.64,5.61,"4,201,723.5025267"
2019-11-02,5.59,5.57,5.7,5.6,"4,555,056.441612"
2019-11-03,5.58,5.48,5.61,5.52,"4,626,672.1508302"
2019-11-04,5.54,5.52,5.86,5.77,"5,733,791.1121446"
2019-11-05,5.77,5.67,5.82,5.77,"5,305,962.526169"
2019-11-06,5.79,5.69,6.03,5.72,"5,845,921.1081998"
2019-11-07,5.72,5.4,5.75,5.47,"6,354,612.3477908"
2019-11-08,5.47,5.16,5.47,5.37,"7,720,873.1113909"
2019-11-09,5.35,5.26,5.37,5.34,"5,006,182.8182276"
2019-11-10,5.36,5.25,5.42,5.3,"9,496,273.0929045"
2019-11-11,5.3,5.17,5.3,5.23,"2,423,402.5872563"
2019-11-12,5.23,5.12,5.31,5.31,"6,683,092.5836143"
2019-11-13,5.31,5.2,5.34,5.25,"7,994,880.0341851"
2019-11-14,5.25,5.06,5.25,5.09,"7,664,978.8021214"
2019-11-15,5.09,4.85,5.18,5.01,"9,193,167.8526525"
2019-11-16,5.03,4.98,5.07,5.01,"6,548,887.8935221"
2019-11-17,5.05,4.97,5.1,5.0,"6,599,653.6048707"
2019-11-18,5.0,4.66,5.01,4.81,"8,540,342.3735971"
2019-11-19,4.81,4.67,4.99,4.9,"12,254,525.543092"
2019-11-20,4.9,4.77,4.93,4.86,"9,303,113.1593191"
2019-11-21,4.86,4.58,4.86,4.67,"7,330,455.3442785"
2019-11-22,4.67,4.38,4.71,4.47,"8,921,903.1423622"
2019-11-23,4.45,4.39,4.56,4.46,"6,830,896.615551"
2019-11-24,4.43,3.9,4.49,3.99,"9,494,815.756497"
2019-11-25,4.01,3.98,4.37,4.3,"13,588,263.445183"
2019-11-26,4.3,4.16,4.38,4.29,"12,401,524.443562"
2019-11-27,4.28,4.17,4.49,4.41,"12,499,063.872631"
2019-11-28,4.43,4.33,4.51,4.4,"9,509,899.5036075"
2019-11-29,4.4,4.35,4.54,4.49,"8,423,441.9005329"
2019-11-30,4.5,4.26,4.52,4.31,"2,622,208.7258283"
2019-12-01,4.31,4.27,4.43,4.34,"8,744,965.9877357"
2019-12-02,4.32,4.21,4.35,4.28,"10,826,427.159693"
2019-12-03,4.27,4.12,4.35,4.12,"12,216,889.422089"
2019-12-04,4.15,4.1,4.39,4.19,"11,899,953.940376"
2019-12-05,4.19,4.13,4.36,4.3,"10,856,175.660927"
2019-12-06,4.3,4.23,4.4,4.36,"12,020,532.142699"
2019-12-07,4.37,4.3,4.41,4.36,"4,648,701.6499416"
2019-12-08,4.33,4.32,4.48,4.38,"13,038,445.647744"
2019-12-09,4.42,4.24,4.42,4.27,"10,762,899.219225"
2019-12-10,4.26,4.2,4.3,4.23,"13,127,012.96776"
2019-12-11,4.26,4.14,4.27,4.16,"14,109,218.629075"
2019-12-12,4.19,4.12,4.24,4.14,"14,185,297.342288"
2019-12-13,4.16,4.1,4.2,4.17,"15,548,575.285026"
2019-12-14,4.17,4.07,4.19,4.12,"9,819,001.0789832"
2019-12-15,4.12,4.03,4.17,4.08,"8,690,203.6065369"
2019-12-16,4.09,3.64,4.1,3.73,"18,601,655.860139"
2019-12-17,3.73,3.37,3.75,3.49,"18,121,766.069008"
2019-12-18,3.5,3.3,3.8,3.55,"20,803,437.851293"
2019-12-19,3.57,3.47,3.62,3.47,"18,021,276.457693"
2019-12-20,3.48,3.47,3.74,3.68,"19,350,763.877404"
2019-12-21,3.66,3.59,3.68,3.61,"9,563,218.9379463"
2019-12-22,3.63,3.61,3.76,3.73,"7,415,317.2700507"
2019-12-23,3.73,3.55,3.74,3.59,"13,459,872.83495"
2019-12-24,3.6,3.54,3.66,3.59,"18,204,406.163024"
2019-12-25,3.58,3.53,3.61,3.56,"310,678.16711936"
2019-12-26,3.56,3.53,3.68,3.55,"18,039,645.681618"
2019-12-27,3.55,3.49,3.62,3.6,"19,482,427.965848"
2019-12-28,3.62,3.58,3.67,3.62,"7,251,774.3000776"
2019-12-29,3.62,3.6,3.72,3.68,"6,317,514.5565879"
2019-12-30,3.68,3.6,3.71,3.66,"20,408,392.973387"
2019-12-31,3.64,3.57,3.68,3.67,"2,823,198.4034667"
2020-01-01,3.66,3.6,3.69,3.6,"587,471.72978017"
2020-01-02,3.6,3.45,3.62,3.59,"18,492,409.497658"
2020-01-03,3.61,3.57,3.66,3.64,"20,077,190.516862"
2020-01-04,3.62,3.6,3.69,3.68,"8,140,489.9777021"
2020-01-05,3.68,3.63,3.74,3.73,"8,793,757.477914"
2020-01-06,3.72,3.7,4.23,4.07,"18,643,749.356122"
2020-01-07,4.07,3.9,4.15,4.06,"18,827,653.88409"
2020-01-08,4.05,3.81,4.09,3.87,"16,450,424.139689"
2020-01-09,3.89,3.76,3.89,3.76,"17,162,995.177365"
2020-01-10,3.79,3.76,4.04,3.93,"16,785,350.11719"
2020-01-11,3.95,3.91,4.13,4.0,"7,426,466.4581434"
2020-01-12,4.01,3.94,4.06,3.94,"6,068,584.366275"
2020-01-13,3.95,3.93,4.12,4.08,"17,497,123.314631"
2020-01-14,4.08,4.06,4.59,4.3,"18,733,486.846854"
2020-01-15,4.3,3.3,4.55,4.27,"21,616,734.1529"
2020-01-16,4.27,4.2,4.4,4.4,"20,335,726.035362"
2020-01-17,4.4,4.26,4.54,4.38,"21,259,984.407808"
2020-01-18,4.39,4.34,4.73,4.62,"7,905,657.6763639"
2020-01-19,4.63,4.26,4.66,4.35,"10,158,649.562573"
2020-01-20,4.35,4.18,4.52,4.4,"18,117,490.161524"
2020-01-21,4.43,4.3,4.48,4.43,"19,785,897.023068"
2020-01-22,4.42,4.26,4.47,4.28,"21,035,656.93255"
2020-01-23,4.29,4.09,4.31,4.13,"18,344,258.414385"
2020-01-24,4.14,3.99,4.23,4.09,"21,327,993.785142"
2020-01-25,4.08,4.08,4.17,4.15,"7,084,318.7495955"
2020-01-26,4.14,4.11,4.37,4.31,"7,425,355.6621333"
2020-01-27,4.3,4.26,4.45,4.39,"19,549,779.996872"
2020-01-28,4.37,4.34,4.53,4.47,"23,975,005.002171"
2020-01-29,4.48,4.3,4.5,4.37,"20,090,471.315758"
2020-01-30,4.36,4.34,4.62,4.51,"23,032,387.962282"
2020-01-31,4.49,4.39,4.57,4.52,"24,558,746.903995"
2020-02-01,4.52,4.43,4.56,4.51,"7,308,018.5375542"
2020-02-02,4.5,4.5,4.91,4.77,"8,649,379.2282919"
2020-02-03,4.78,4.62,4.84,4.7,"20,165,708.069851"
2020-02-04,4.71,4.61,5.24,5.23,"29,399,288.617542"
2020-02-05,5.24,5.0,5.29,5.23,"30,274,867.541427"
2020-02-06,5.21,4.99,5.35,5.22,"27,910,667.059378"
2020-02-07,5.22,4.96,5.31,5.13,"18,430,715.056711"
2020-02-08,5.16,5.12,5.3,5.3,"5,253,307.7437368"
2020-02-09,5.31,5.06,5.42,5.09,"5,773,358.2310666"
2020-02-10,5.09,4.96,5.19,5.01,"34,247,225.772543"
2020-02-11,5.01,4.99,5.4,5.39,"31,161,359.074449"
2020-02-12,5.39,5.29,6.25,6.12,"28,211,595.555141"
2020-02-13,6.13,5.62,6.3,5.86,"33,280,762.843796"
2020-02-14,5.86,5.79,6.42,6.17,"27,460,411.262209"
2020-02-15,6.16,5.52,6.27,5.82,"5,380,393.8834461"
2020-02-16,5.83,5.07,5.86,5.19,"4,576,113.4644659"
2020-02-17,5.21,4.98,5.48,5.43,"20,213,287.750029"
2020-02-18,5.43,5.14,5.62,5.51,"29,897,864.282702"
2020-02-19,5.51,5.01,5.7,5.12,"41,816,937.559502"
2020-02-20,5.12,4.92,5.27,5.22,"15,645,525.369025"
2020-02-21,5.21,5.09,5.27,5.14,"19,359,230.134214"
2020-02-22,5.13,5.11,5.32,5.32,"3,491,089.3129034"
2020-02-23,5.32,5.17,5.39,5.21,"7,326,129.9041453"
2020-02-24,5.22,5.03,5.27,5.03,"21,937,164.473663"
2020-02-25,5.07,4.49,5.1,4.66,"28,586,063.334562"
2020-02-26,4.66,4.26,4.68,4.51,"34,090,096.885992"
2020-02-27,4.52,4.49,4.78,4.66,"31,573,083.548692"
2020-02-28,4.65,4.49,4.75,4.72,"26,422,110.706973"
2020-02-29,4.71,4.48,4.73,4.55,"4,253,699.1044045"
2020-03-01,4.56,4.39,4.62,4.53,"5,465,796.7731109"
2020-03-02,4.53,4.48,4.74,4.61,"17,043,302.671923"
2020-03-03,4.61,4.43,4.62,4.56,"16,946,348.049938"
2020-03-04,4.56,4.44,4.64,4.64,"24,297,180.080882"
2020-03-05,4.64,4.59,4.86,4.84,"29,090,891.70116"
2020-03-06,4.85,4.78,4.97,4.88,"31,758,298.391184"
2020-03-07,4.88,4.62,4.9,4.64,"2,675,749.0017239"
2020-03-08,4.64,4.03,4.67,4.38,"10,255,017.814609"
2020-03-09,4.38,4.15,4.58,4.27,"36,207,331.402831"
2020-03-10,4.26,4.21,4.51,4.4,"31,055,521.702068"
2020-03-11,4.4,4.13,4.49,4.24,"34,428,015.786353"
2020-03-12,4.23,2.51,4.24,3.12,"87,672,352.519415"
2020-03-13,3.09,3.01,3.67,3.55,"44,722,960.540687"
2020-03-14,3.54,3.25,3.55,3.35,"2,844,967.3083748"
2020-03-15,3.35,3.19,3.52,3.23,"20,211,027.922228"
2020-03-16,3.23,2.86,3.4,3.32,"52,487,051.024037"
2020-03-17,3.33,3.27,3.48,3.38,"43,026,449.853836"
2020-03-18,3.38,3.33,3.59,3.58,"45,446,421.235091"
2020-03-19,3.59,3.57,4.16,3.86,"38,148,412.329421"
2020-03-20,3.87,3.55,4.2,3.79,"17,708,392.829172"
2020-03-21,3.77,3.72,3.95,3.91,"10,536,819.133697"
2020-03-22,3.92,3.58,3.95,3.72,"10,980,295.06442"
2020-03-23,3.72,3.65,4.1,4.0,"42,195,582.956173"
2020-03-24,3.98,3.95,4.09,4.01,"36,486,336.006869"
2020-03-25,4.04,3.77,4.04,3.85,"41,802,497.731656"
2020-03-26,3.84,3.7,4.2,3.98,"38,319,980.928711"
2020-03-27,3.98,3.9,4.39,3.97,"37,394,796.130617"
2020-03-28,3.98,3.91,4.23,4.09,"3,879,644.0532871"
2020-03-29,4.06,3.82,4.09,4.0,"8,687,704.4274364"
2020-03-30,4.0,3.96,4.27,4.14,"34,207,978.730497"
2020-03-31,4.14,4.07,4.23,4.11,"37,229,616.328621"
2020-04-01,4.14,4.09,4.3,4.2,"56,252,290.585967"
2020-04-02,4.21,4.2,4.5,4.35,"45,664,895.383175"
2020-04-03,4.36,4.34,4.52,4.48,"46,921,608.40368"
2020-04-04,4.46,4.44,4.58,4.49,"11,324,418.416935"
2020-04-05,4.49,4.4,4.7,4.7,"2,072,557.0745876"
2020-04-06,4.68,4.63,5.03,4.83,"49,432,549.513268"
2020-04-07,4.83,4.61,4.97,4.88,"46,890,025.523176"
2020-04-08,4.89,4.74,4.96,4.79,"43,661,883.284548"
2020-04-09,4.77,4.55,4.8,4.62,"46,170,828.006822"
2020-04-10,4.61,4.22,4.61,4.46,"37,372,290.752141"
2020-04-11,4.47,4.31,4.49,4.38,"1,507,363.7080984"
2020-04-12,4.38,4.23,4.6,4.31,"7,151,522.4768064"
2020-04-13,4.31,4.1,4.49,4.4,"30,807,185.076401"
2020-04-14,4.38,4.3,4.46,4.4,"53,161,840.32669"
2020-04-15,4.38,4.22,4.49,4.33,"47,768,613.37372"
2020-04-16,4.35,4.32,4.62,4.44,"51,696,856.240242"
2020-04-17,4.44,4.41,4.57,4.49,"46,558,004.356348"
2020-04-18,4.5,4.48,4.66,4.62,"5,753,701.7065874"
2020-04-19,4.61,4.45,4.69,4.66,"6,294,665.9362881"
2020-04-20,4.66,4.27,4.68,4.4,"42,888,964.559975"
2020-04-21,4.4,4.38,4.54,4.48,"45,064,130.498444"
2020-04-22,4.48,4.46,4.66,4.6,"47,458,070.136937"
2020-04-23,4.6,4.5,4.9,4.83,"50,741,882.260214"
2020-04-24,4.82,4.75,4.89,4.84,"46,015,065.653519"
2020-04-25,4.84,4.81,4.92,4.86,"2,873,957.0341471"
2020-04-26,4.85,4.81,4.97,4.95,"13,443,657.992768"
2020-04-27,4.94,4.79,4.95,4.87,"41,831,625.826051"
2020-04-28,4.87,4.83,5.3,5.23,"42,822,825.684615"
2020-04-29,5.23,5.16,5.6,5.5,"46,125,828.154976"
2020-04-30,5.5,5.0,5.61,5.29,"42,688,616.980783"
2020-05-01,5.29,5.23,5.48,5.31,"40,549,270.84979"
2020-05-02,5.31,5.28,5.56,5.5,"9,442,247.7391152"
2020-05-03,5.51,5.2,5.53,5.26,"8,891,996.339286"
2020-05-04,5.24,5.12,5.36,5.33,"38,306,435.922993"
2020-05-05,5.33,5.11,5.34,5.26,"40,836,356.184233"
2020-05-06,5.24,5.12,5.36,5.22,"42,961,760.983844"
2020-05-07,5.23,5.11,5.31,5.23,"29,525,936.629091"
2020-05-08,5.23,5.11,5.26,5.18,"38,107,760.342604"
2020-05-09,5.2,4.22,5.31,4.6,"21,037,044.435725"
2020-05-10,4.6,4.44,4.76,4.63,"8,352,907.7879012"
2020-05-11,4.62,4.41,4.77,4.66,"37,204,545.109316"
2020-05-12,4.68,4.66,4.85,4.8,"34,249,441.989438"
2020-05-13,4.79,4.76,4.94,4.89,"39,577,018.48427"
2020-05-14,4.87,4.72,5.0,4.76,"55,824,973.001297"
2020-05-15,4.74,4.68,4.88,4.82,"48,292,355.356228"
2020-05-16,4.82,4.72,4.82,4.8,"5,805,161.9747551"
2020-05-17,4.8,4.78,4.95,4.94,"1,652,242.0955911"
2020-05-18,4.93,4.75,4.96,4.76,"42,919,751.381541"
2020-05-19,4.78,4.75,4.86,4.82,"45,951,162.358315"
2020-05-20,4.83,4.59,4.86,4.67,"43,033,174.024314"
2020-05-21,4.68,4.34,4.69,4.44,"45,060,081.081487"
2020-05-22,4.44,4.43,4.65,4.56,"42,241,312.148691"
2020-05-23,4.57,4.49,4.59,4.55,"12,306,443.970911"
2020-05-24,4.54,4.32,4.6,4.41,"1,528,721.5677476"
2020-05-25,4.41,4.34,4.45,4.36,"43,364,501.347956"
2020-05-26,4.37,4.26,4.37,4.33,"49,904,491.181198"
2020-05-27,4.32,4.31,4.46,4.39,"48,013,667.979151"
2020-05-28,4.38,4.33,4.51,4.44,"49,933,551.517608"
2020-05-29,4.43,4.33,4.46,4.42,"49,975,848.905673"
2020-05-30,4.41,4.41,4.61,4.53,"6,722,848.6295764"
2020-05-31,4.52,4.46,4.72,4.52,"7,579,455.6677262"
2020-06-01,4.51,4.44,4.69,4.64,"51,460,497.045423"
2020-06-02,4.64,4.28,4.68,4.36,"49,427,961.23789"
2020-06-03,4.38,4.34,4.51,4.48,"47,825,771.09537"
2020-06-04,4.5,4.37,4.51,4.45,"46,131,833.985099"
2020-06-05,4.44,4.33,4.46,4.38,"26,957,265.396856"
2020-06-06,4.36,4.35,4.43,4.39,"3,141,360.805562"
2020-06-07,4.4,4.28,4.41,4.37,"3,871,971.3927735"
2020-06-08,4.37,4.28,4.41,4.39,"16,574,601.600656"
2020-06-09,4.38,4.36,4.43,4.38,"14,126,775.48369"
2020-06-10,4.39,4.36,4.5,4.48,"17,138,830.402809"
2020-06-11,4.48,4.13,4.51,4.33,"18,711,109.717859"
2020-06-12,4.31,4.24,4.39,4.26,"15,290,374.70057"
2020-06-13,4.26,4.25,4.31,4.27,"3,156,384.9967981"
2020-06-14,4.27,4.17,4.3,4.23,"3,831,386.8093052"
2020-06-15,4.23,4.13,4.31,4.25,"16,198,292.240174"
2020-06-16,4.26,4.19,4.3,4.28,"10,328,199.536984"
2020-06-17,4.28,4.21,4.4,4.26,"10,467,031.059926"
2020-06-18,4.26,4.24,4.35,4.28,"10,241,615.649129"
2020-06-19,4.27,4.21,4.31,4.26,"10,285,140.337684"
2020-06-20,4.26,4.19,4.28,4.24,"3,417,796.4487995"
2020-06-21,4.24,4.18,4.27,4.24,"3,081,193.4398287"
2020-06-22,4.23,4.19,4.29,4.25,"10,983,737.519071"
2020-06-23,4.24,4.19,4.26,4.24,"9,872,982.7591209"
2020-06-24,4.25,4.07,4.26,4.13,"10,366,849.112417"
2020-06-25,4.13,4.1,4.2,4.14,"10,470,361.670454"
2020-06-26,4.14,4.05,4.26,4.2,"11,582,042.974199"
2020-06-27,4.22,3.93,4.23,4.03,"2,355,429.3209392"
2020-06-28,4.02,4.0,4.16,4.07,"6,305,663.2067131"
2020-06-29,4.07,4.02,4.13,4.07,"10,597,452.71723"
2020-06-30,4.07,4.0,4.11,4.04,"9,839,745.2872409"
2020-07-01,4.05,3.98,4.07,4.02,"11,434,164.782487"
2020-07-02,4.02,3.87,4.03,3.92,"19,280,860.33054"
2020-07-03,3.93,3.92,4.01,3.98,"14,583,594.28039"
2020-07-04,3.97,3.94,4.03,3.97,"3,687,371.1941965"
2020-07-05,3.97,3.9,3.98,3.96,"3,412,799.3474467"
2020-07-06,3.97,3.95,4.23,4.17,"13,217,151.667734"
2020-07-07,4.17,4.14,4.57,4.48,"16,757,924.308196"
2020-07-08,4.49,4.45,4.68,4.54,"17,224,002.7798"
2020-07-09,4.52,4.46,4.77,4.47,"16,442,430.54317"
2020-07-10,4.46,4.39,4.6,4.55,"12,972,564.106644"
2020-07-11,4.53,4.43,4.57,4.53,"2,962,054.4586534"
2020-07-12,4.53,4.44,4.57,4.48,"3,121,409.9501529"
2020-07-13,4.48,4.38,4.65,4.47,"14,400,909.187125"
2020-07-14,4.46,4.42,4.52,4.45,"13,180,270.619919"
2020-07-15,4.45,4.38,4.47,4.41,"13,883,722.693276"
2020-07-16,4.39,4.24,4.43,4.3,"12,951,748.456247"
2020-07-17,4.3,4.28,4.44,4.4,"14,035,860.778201"
2020-07-18,4.4,4.37,4.55,4.45,"5,944,401.5119672"
2020-07-19,4.45,4.41,4.51,4.48,"5,032,937.4547168"
2020-07-20,4.48,4.25,4.5,4.4,"15,176,979.758869"
2020-07-21,4.4,4.4,4.49,4.42,"11,136,281.187719"
2020-07-22,4.41,4.39,4.6,4.53,"14,347,446.309976"
2020-07-23,4.53,4.48,4.7,4.64,"15,558,995.947374"
2020-07-24,4.64,4.53,4.65,4.63,"13,367,416.482203"
2020-07-25,4.64,4.6,4.93,4.87,"2,673,746.7256501"
2020-07-26,4.87,4.76,5.01,4.81,"8,406,335.2274615"
2020-07-27,4.82,4.61,5.03,4.91,"22,896,833.942522"
2020-07-28,4.91,4.78,5.36,5.28,"18,485,944.452245"
2020-07-29,5.28,5.19,5.48,5.32,"14,329,663.245295"
2020-07-30,5.32,5.26,5.5,5.37,"12,081,920.608229"
2020-07-31,5.39,5.36,5.89,5.89,"13,087,405.823005"
2020-08-01,5.89,5.63,7.31,6.2,"12,972,866.283496"
2020-08-02,6.2,6.1,6.9,6.54,"8,466,033.891796"
2020-08-03,6.56,6.5,7.26,7.11,"14,521,607.319571"
2020-08-04,7.15,6.59,7.15,6.69,"13,002,371.299522"
2020-08-05,6.7,6.61,6.93,6.69,"10,069,998.360697"
2020-08-06,6.68,6.65,6.95,6.86,"9,932,498.3019192"
2020-08-07,6.86,6.27,6.98,6.43,"10,371,111.016666"
